[
  {
    "class":"firrtl.transforms.DedupedResult",
    "original":"~OnlineFuzzification|OnlineComparator2",
    "duplicate":"~OnlineFuzzification|OnlineFuzzification/minMaxTree:MinMaxParallelOnlineComparator/comparatorModule:OnlineComparator2",
    "index":0.0
  },
  {
    "class":"firrtl.transforms.DedupedResult",
    "original":"~OnlineFuzzification|OnlineComparator2_1",
    "duplicate":"~OnlineFuzzification|OnlineFuzzification/minMaxTree:MinMaxParallelOnlineComparator/comparatorModule_1:OnlineComparator2",
    "index":0.011764705882352941
  },
  {
    "class":"firrtl.transforms.DedupedResult",
    "original":"~OnlineFuzzification|OnlineComparator2_2",
    "duplicate":"~OnlineFuzzification|OnlineFuzzification/minMaxTree:MinMaxParallelOnlineComparator/comparatorModule_2:OnlineComparator2",
    "index":0.023529411764705882
  },
  {
    "class":"firrtl.transforms.DedupedResult",
    "original":"~OnlineFuzzification|OnlineComparator2_3",
    "duplicate":"~OnlineFuzzification|OnlineFuzzification/minMaxTree:MinMaxParallelOnlineComparator/comparatorModule_3:OnlineComparator2",
    "index":0.03529411764705882
  },
  {
    "class":"firrtl.transforms.DedupedResult",
    "original":"~OnlineFuzzification|OnlineComparator2_4",
    "duplicate":"~OnlineFuzzification|OnlineFuzzification/minMaxTree:MinMaxParallelOnlineComparator/comparatorModule_4:OnlineComparator2",
    "index":0.047058823529411764
  },
  {
    "class":"firrtl.transforms.DedupedResult",
    "original":"~OnlineFuzzification|OnlineComparator2_5",
    "duplicate":"~OnlineFuzzification|OnlineFuzzification/minMaxTree:MinMaxParallelOnlineComparator/comparatorModule_5:OnlineComparator2",
    "index":0.058823529411764705
  },
  {
    "class":"firrtl.transforms.DedupedResult",
    "original":"~OnlineFuzzification|OnlineComparator2_6",
    "duplicate":"~OnlineFuzzification|OnlineFuzzification/minMaxTree:MinMaxParallelOnlineComparator/comparatorModule_6:OnlineComparator2",
    "index":0.07058823529411765
  },
  {
    "class":"firrtl.transforms.DedupedResult",
    "original":"~OnlineFuzzification|OnlineComparator2_7",
    "duplicate":"~OnlineFuzzification|OnlineFuzzification/minMaxTree:MinMaxParallelOnlineComparator/comparatorModule_7:OnlineComparator2_7",
    "index":0.08235294117647059
  },
  {
    "class":"firrtl.transforms.DedupedResult",
    "original":"~OnlineFuzzification|OnlineComparator2_8",
    "duplicate":"~OnlineFuzzification|OnlineFuzzification/minMaxTree:MinMaxParallelOnlineComparator/comparatorModule_8:OnlineComparator2_7",
    "index":0.09411764705882353
  },
  {
    "class":"firrtl.transforms.DedupedResult",
    "original":"~OnlineFuzzification|OnlineComparator2_9",
    "duplicate":"~OnlineFuzzification|OnlineFuzzification/minMaxTree:MinMaxParallelOnlineComparator/comparatorModule_9:OnlineComparator2_7",
    "index":0.10588235294117647
  },
  {
    "class":"firrtl.transforms.DedupedResult",
    "original":"~OnlineFuzzification|OnlineComparator2_10",
    "duplicate":"~OnlineFuzzification|OnlineFuzzification/minMaxTree:MinMaxParallelOnlineComparator/comparatorModule_10:OnlineComparator2_7",
    "index":0.11764705882352941
  },
  {
    "class":"firrtl.transforms.DedupedResult",
    "original":"~OnlineFuzzification|OnlineComparator2_11",
    "duplicate":"~OnlineFuzzification|OnlineFuzzification/minMaxTree:MinMaxParallelOnlineComparator/comparatorModule_11:OnlineComparator2_7",
    "index":0.12941176470588237
  },
  {
    "class":"firrtl.transforms.DedupedResult",
    "original":"~OnlineFuzzification|OnlineComparator2_12",
    "duplicate":"~OnlineFuzzification|OnlineFuzzification/minMaxTree:MinMaxParallelOnlineComparator/comparatorModule_12:OnlineComparator2_7",
    "index":0.1411764705882353
  },
  {
    "class":"firrtl.transforms.DedupedResult",
    "original":"~OnlineFuzzification|OnlineComparator2_13",
    "duplicate":"~OnlineFuzzification|OnlineFuzzification/minMaxTree:MinMaxParallelOnlineComparator/comparatorModule_13:OnlineComparator2_7",
    "index":0.15294117647058825
  },
  {
    "class":"firrtl.transforms.DedupedResult",
    "original":"~OnlineFuzzification|OnlineComparator2_14",
    "duplicate":"~OnlineFuzzification|OnlineFuzzification/minMaxTree:MinMaxParallelOnlineComparator/comparatorModule_14:OnlineComparator2_7",
    "index":0.16470588235294117
  },
  {
    "class":"firrtl.transforms.DedupedResult",
    "original":"~OnlineFuzzification|MinMaxParallelOnlineComparator",
    "duplicate":"~OnlineFuzzification|OnlineFuzzification/minMaxTree:MinMaxParallelOnlineComparator",
    "index":0.17647058823529413
  },
  {
    "class":"firrtl.transforms.DedupedResult",
    "original":"~OnlineFuzzification|OnlineComparator2_15",
    "duplicate":"~OnlineFuzzification|OnlineFuzzification/minMaxTree_1:MinMaxParallelOnlineComparator/comparatorModule:OnlineComparator2",
    "index":0.18823529411764706
  },
  {
    "class":"firrtl.transforms.DedupedResult",
    "original":"~OnlineFuzzification|OnlineComparator2_16",
    "duplicate":"~OnlineFuzzification|OnlineFuzzification/minMaxTree_1:MinMaxParallelOnlineComparator/comparatorModule_1:OnlineComparator2",
    "index":0.2
  },
  {
    "class":"firrtl.transforms.DedupedResult",
    "original":"~OnlineFuzzification|OnlineComparator2_17",
    "duplicate":"~OnlineFuzzification|OnlineFuzzification/minMaxTree_1:MinMaxParallelOnlineComparator/comparatorModule_2:OnlineComparator2",
    "index":0.21176470588235294
  },
  {
    "class":"firrtl.transforms.DedupedResult",
    "original":"~OnlineFuzzification|OnlineComparator2_18",
    "duplicate":"~OnlineFuzzification|OnlineFuzzification/minMaxTree_1:MinMaxParallelOnlineComparator/comparatorModule_3:OnlineComparator2",
    "index":0.2235294117647059
  },
  {
    "class":"firrtl.transforms.DedupedResult",
    "original":"~OnlineFuzzification|OnlineComparator2_19",
    "duplicate":"~OnlineFuzzification|OnlineFuzzification/minMaxTree_1:MinMaxParallelOnlineComparator/comparatorModule_4:OnlineComparator2",
    "index":0.23529411764705882
  },
  {
    "class":"firrtl.transforms.DedupedResult",
    "original":"~OnlineFuzzification|OnlineComparator2_20",
    "duplicate":"~OnlineFuzzification|OnlineFuzzification/minMaxTree_1:MinMaxParallelOnlineComparator/comparatorModule_5:OnlineComparator2",
    "index":0.24705882352941178
  },
  {
    "class":"firrtl.transforms.DedupedResult",
    "original":"~OnlineFuzzification|OnlineComparator2_21",
    "duplicate":"~OnlineFuzzification|OnlineFuzzification/minMaxTree_1:MinMaxParallelOnlineComparator/comparatorModule_6:OnlineComparator2",
    "index":0.25882352941176473
  },
  {
    "class":"firrtl.transforms.DedupedResult",
    "original":"~OnlineFuzzification|OnlineComparator2_22",
    "duplicate":"~OnlineFuzzification|OnlineFuzzification/minMaxTree_1:MinMaxParallelOnlineComparator/comparatorModule_7:OnlineComparator2_7",
    "index":0.27058823529411763
  },
  {
    "class":"firrtl.transforms.DedupedResult",
    "original":"~OnlineFuzzification|OnlineComparator2_23",
    "duplicate":"~OnlineFuzzification|OnlineFuzzification/minMaxTree_1:MinMaxParallelOnlineComparator/comparatorModule_8:OnlineComparator2_7",
    "index":0.2823529411764706
  },
  {
    "class":"firrtl.transforms.DedupedResult",
    "original":"~OnlineFuzzification|OnlineComparator2_24",
    "duplicate":"~OnlineFuzzification|OnlineFuzzification/minMaxTree_1:MinMaxParallelOnlineComparator/comparatorModule_9:OnlineComparator2_7",
    "index":0.29411764705882354
  },
  {
    "class":"firrtl.transforms.DedupedResult",
    "original":"~OnlineFuzzification|OnlineComparator2_25",
    "duplicate":"~OnlineFuzzification|OnlineFuzzification/minMaxTree_1:MinMaxParallelOnlineComparator/comparatorModule_10:OnlineComparator2_7",
    "index":0.3058823529411765
  },
  {
    "class":"firrtl.transforms.DedupedResult",
    "original":"~OnlineFuzzification|OnlineComparator2_26",
    "duplicate":"~OnlineFuzzification|OnlineFuzzification/minMaxTree_1:MinMaxParallelOnlineComparator/comparatorModule_11:OnlineComparator2_7",
    "index":0.3176470588235294
  },
  {
    "class":"firrtl.transforms.DedupedResult",
    "original":"~OnlineFuzzification|OnlineComparator2_27",
    "duplicate":"~OnlineFuzzification|OnlineFuzzification/minMaxTree_1:MinMaxParallelOnlineComparator/comparatorModule_12:OnlineComparator2_7",
    "index":0.32941176470588235
  },
  {
    "class":"firrtl.transforms.DedupedResult",
    "original":"~OnlineFuzzification|OnlineComparator2_28",
    "duplicate":"~OnlineFuzzification|OnlineFuzzification/minMaxTree_1:MinMaxParallelOnlineComparator/comparatorModule_13:OnlineComparator2_7",
    "index":0.3411764705882353
  },
  {
    "class":"firrtl.transforms.DedupedResult",
    "original":"~OnlineFuzzification|OnlineComparator2_29",
    "duplicate":"~OnlineFuzzification|OnlineFuzzification/minMaxTree_1:MinMaxParallelOnlineComparator/comparatorModule_14:OnlineComparator2_7",
    "index":0.35294117647058826
  },
  {
    "class":"firrtl.transforms.DedupedResult",
    "original":"~OnlineFuzzification|MinMaxParallelOnlineComparator_1",
    "duplicate":"~OnlineFuzzification|OnlineFuzzification/minMaxTree_1:MinMaxParallelOnlineComparator",
    "index":0.36470588235294116
  },
  {
    "class":"firrtl.transforms.DedupedResult",
    "original":"~OnlineFuzzification|OnlineComparator2_30",
    "duplicate":"~OnlineFuzzification|OnlineFuzzification/minMaxTree_2:MinMaxParallelOnlineComparator/comparatorModule:OnlineComparator2",
    "index":0.3764705882352941
  },
  {
    "class":"firrtl.transforms.DedupedResult",
    "original":"~OnlineFuzzification|OnlineComparator2_31",
    "duplicate":"~OnlineFuzzification|OnlineFuzzification/minMaxTree_2:MinMaxParallelOnlineComparator/comparatorModule_1:OnlineComparator2",
    "index":0.38823529411764707
  },
  {
    "class":"firrtl.transforms.DedupedResult",
    "original":"~OnlineFuzzification|OnlineComparator2_32",
    "duplicate":"~OnlineFuzzification|OnlineFuzzification/minMaxTree_2:MinMaxParallelOnlineComparator/comparatorModule_2:OnlineComparator2",
    "index":0.4
  },
  {
    "class":"firrtl.transforms.DedupedResult",
    "original":"~OnlineFuzzification|OnlineComparator2_33",
    "duplicate":"~OnlineFuzzification|OnlineFuzzification/minMaxTree_2:MinMaxParallelOnlineComparator/comparatorModule_3:OnlineComparator2",
    "index":0.4117647058823529
  },
  {
    "class":"firrtl.transforms.DedupedResult",
    "original":"~OnlineFuzzification|OnlineComparator2_34",
    "duplicate":"~OnlineFuzzification|OnlineFuzzification/minMaxTree_2:MinMaxParallelOnlineComparator/comparatorModule_4:OnlineComparator2",
    "index":0.4235294117647059
  },
  {
    "class":"firrtl.transforms.DedupedResult",
    "original":"~OnlineFuzzification|OnlineComparator2_35",
    "duplicate":"~OnlineFuzzification|OnlineFuzzification/minMaxTree_2:MinMaxParallelOnlineComparator/comparatorModule_5:OnlineComparator2",
    "index":0.43529411764705883
  },
  {
    "class":"firrtl.transforms.DedupedResult",
    "original":"~OnlineFuzzification|OnlineComparator2_36",
    "duplicate":"~OnlineFuzzification|OnlineFuzzification/minMaxTree_2:MinMaxParallelOnlineComparator/comparatorModule_6:OnlineComparator2",
    "index":0.4470588235294118
  },
  {
    "class":"firrtl.transforms.DedupedResult",
    "original":"~OnlineFuzzification|OnlineComparator2_37",
    "duplicate":"~OnlineFuzzification|OnlineFuzzification/minMaxTree_2:MinMaxParallelOnlineComparator/comparatorModule_7:OnlineComparator2_7",
    "index":0.4588235294117647
  },
  {
    "class":"firrtl.transforms.DedupedResult",
    "original":"~OnlineFuzzification|OnlineComparator2_38",
    "duplicate":"~OnlineFuzzification|OnlineFuzzification/minMaxTree_2:MinMaxParallelOnlineComparator/comparatorModule_8:OnlineComparator2_7",
    "index":0.47058823529411764
  },
  {
    "class":"firrtl.transforms.DedupedResult",
    "original":"~OnlineFuzzification|OnlineComparator2_39",
    "duplicate":"~OnlineFuzzification|OnlineFuzzification/minMaxTree_2:MinMaxParallelOnlineComparator/comparatorModule_9:OnlineComparator2_7",
    "index":0.4823529411764706
  },
  {
    "class":"firrtl.transforms.DedupedResult",
    "original":"~OnlineFuzzification|OnlineComparator2_40",
    "duplicate":"~OnlineFuzzification|OnlineFuzzification/minMaxTree_2:MinMaxParallelOnlineComparator/comparatorModule_10:OnlineComparator2_7",
    "index":0.49411764705882355
  },
  {
    "class":"firrtl.transforms.DedupedResult",
    "original":"~OnlineFuzzification|OnlineComparator2_41",
    "duplicate":"~OnlineFuzzification|OnlineFuzzification/minMaxTree_2:MinMaxParallelOnlineComparator/comparatorModule_11:OnlineComparator2_7",
    "index":0.5058823529411764
  },
  {
    "class":"firrtl.transforms.DedupedResult",
    "original":"~OnlineFuzzification|OnlineComparator2_42",
    "duplicate":"~OnlineFuzzification|OnlineFuzzification/minMaxTree_2:MinMaxParallelOnlineComparator/comparatorModule_12:OnlineComparator2_7",
    "index":0.5176470588235295
  },
  {
    "class":"firrtl.transforms.DedupedResult",
    "original":"~OnlineFuzzification|OnlineComparator2_43",
    "duplicate":"~OnlineFuzzification|OnlineFuzzification/minMaxTree_2:MinMaxParallelOnlineComparator/comparatorModule_13:OnlineComparator2_7",
    "index":0.5294117647058824
  },
  {
    "class":"firrtl.transforms.DedupedResult",
    "original":"~OnlineFuzzification|OnlineComparator2_44",
    "duplicate":"~OnlineFuzzification|OnlineFuzzification/minMaxTree_2:MinMaxParallelOnlineComparator/comparatorModule_14:OnlineComparator2_7",
    "index":0.5411764705882353
  },
  {
    "class":"firrtl.transforms.DedupedResult",
    "original":"~OnlineFuzzification|MinMaxParallelOnlineComparator_2",
    "duplicate":"~OnlineFuzzification|OnlineFuzzification/minMaxTree_2:MinMaxParallelOnlineComparator",
    "index":0.5529411764705883
  },
  {
    "class":"firrtl.transforms.DedupedResult",
    "original":"~OnlineFuzzification|OnlineComparator2_45",
    "duplicate":"~OnlineFuzzification|OnlineFuzzification/minMaxTree_3:MinMaxParallelOnlineComparator/comparatorModule:OnlineComparator2",
    "index":0.5647058823529412
  },
  {
    "class":"firrtl.transforms.DedupedResult",
    "original":"~OnlineFuzzification|OnlineComparator2_46",
    "duplicate":"~OnlineFuzzification|OnlineFuzzification/minMaxTree_3:MinMaxParallelOnlineComparator/comparatorModule_1:OnlineComparator2",
    "index":0.5764705882352941
  },
  {
    "class":"firrtl.transforms.DedupedResult",
    "original":"~OnlineFuzzification|OnlineComparator2_47",
    "duplicate":"~OnlineFuzzification|OnlineFuzzification/minMaxTree_3:MinMaxParallelOnlineComparator/comparatorModule_2:OnlineComparator2",
    "index":0.5882352941176471
  },
  {
    "class":"firrtl.transforms.DedupedResult",
    "original":"~OnlineFuzzification|OnlineComparator2_48",
    "duplicate":"~OnlineFuzzification|OnlineFuzzification/minMaxTree_3:MinMaxParallelOnlineComparator/comparatorModule_3:OnlineComparator2",
    "index":0.6
  },
  {
    "class":"firrtl.transforms.DedupedResult",
    "original":"~OnlineFuzzification|OnlineComparator2_49",
    "duplicate":"~OnlineFuzzification|OnlineFuzzification/minMaxTree_3:MinMaxParallelOnlineComparator/comparatorModule_4:OnlineComparator2",
    "index":0.611764705882353
  },
  {
    "class":"firrtl.transforms.DedupedResult",
    "original":"~OnlineFuzzification|OnlineComparator2_50",
    "duplicate":"~OnlineFuzzification|OnlineFuzzification/minMaxTree_3:MinMaxParallelOnlineComparator/comparatorModule_5:OnlineComparator2",
    "index":0.6235294117647059
  },
  {
    "class":"firrtl.transforms.DedupedResult",
    "original":"~OnlineFuzzification|OnlineComparator2_51",
    "duplicate":"~OnlineFuzzification|OnlineFuzzification/minMaxTree_3:MinMaxParallelOnlineComparator/comparatorModule_6:OnlineComparator2",
    "index":0.6352941176470588
  },
  {
    "class":"firrtl.transforms.DedupedResult",
    "original":"~OnlineFuzzification|OnlineComparator2_52",
    "duplicate":"~OnlineFuzzification|OnlineFuzzification/minMaxTree_3:MinMaxParallelOnlineComparator/comparatorModule_7:OnlineComparator2_7",
    "index":0.6470588235294118
  },
  {
    "class":"firrtl.transforms.DedupedResult",
    "original":"~OnlineFuzzification|OnlineComparator2_53",
    "duplicate":"~OnlineFuzzification|OnlineFuzzification/minMaxTree_3:MinMaxParallelOnlineComparator/comparatorModule_8:OnlineComparator2_7",
    "index":0.6588235294117647
  },
  {
    "class":"firrtl.transforms.DedupedResult",
    "original":"~OnlineFuzzification|OnlineComparator2_54",
    "duplicate":"~OnlineFuzzification|OnlineFuzzification/minMaxTree_3:MinMaxParallelOnlineComparator/comparatorModule_9:OnlineComparator2_7",
    "index":0.6705882352941176
  },
  {
    "class":"firrtl.transforms.DedupedResult",
    "original":"~OnlineFuzzification|OnlineComparator2_55",
    "duplicate":"~OnlineFuzzification|OnlineFuzzification/minMaxTree_3:MinMaxParallelOnlineComparator/comparatorModule_10:OnlineComparator2_7",
    "index":0.6823529411764706
  },
  {
    "class":"firrtl.transforms.DedupedResult",
    "original":"~OnlineFuzzification|OnlineComparator2_56",
    "duplicate":"~OnlineFuzzification|OnlineFuzzification/minMaxTree_3:MinMaxParallelOnlineComparator/comparatorModule_11:OnlineComparator2_7",
    "index":0.6941176470588235
  },
  {
    "class":"firrtl.transforms.DedupedResult",
    "original":"~OnlineFuzzification|OnlineComparator2_57",
    "duplicate":"~OnlineFuzzification|OnlineFuzzification/minMaxTree_3:MinMaxParallelOnlineComparator/comparatorModule_12:OnlineComparator2_7",
    "index":0.7058823529411765
  },
  {
    "class":"firrtl.transforms.DedupedResult",
    "original":"~OnlineFuzzification|OnlineComparator2_58",
    "duplicate":"~OnlineFuzzification|OnlineFuzzification/minMaxTree_3:MinMaxParallelOnlineComparator/comparatorModule_13:OnlineComparator2_7",
    "index":0.7176470588235294
  },
  {
    "class":"firrtl.transforms.DedupedResult",
    "original":"~OnlineFuzzification|OnlineComparator2_59",
    "duplicate":"~OnlineFuzzification|OnlineFuzzification/minMaxTree_3:MinMaxParallelOnlineComparator/comparatorModule_14:OnlineComparator2_7",
    "index":0.7294117647058823
  },
  {
    "class":"firrtl.transforms.DedupedResult",
    "original":"~OnlineFuzzification|MinMaxParallelOnlineComparator_3",
    "duplicate":"~OnlineFuzzification|OnlineFuzzification/minMaxTree_3:MinMaxParallelOnlineComparator",
    "index":0.7411764705882353
  },
  {
    "class":"firrtl.transforms.DedupedResult",
    "original":"~OnlineFuzzification|OnlineComparator2_60",
    "duplicate":"~OnlineFuzzification|OnlineFuzzification/minMaxTree_4:MinMaxParallelOnlineComparator/comparatorModule:OnlineComparator2",
    "index":0.7529411764705882
  },
  {
    "class":"firrtl.transforms.DedupedResult",
    "original":"~OnlineFuzzification|OnlineComparator2_61",
    "duplicate":"~OnlineFuzzification|OnlineFuzzification/minMaxTree_4:MinMaxParallelOnlineComparator/comparatorModule_1:OnlineComparator2",
    "index":0.7647058823529411
  },
  {
    "class":"firrtl.transforms.DedupedResult",
    "original":"~OnlineFuzzification|OnlineComparator2_62",
    "duplicate":"~OnlineFuzzification|OnlineFuzzification/minMaxTree_4:MinMaxParallelOnlineComparator/comparatorModule_2:OnlineComparator2",
    "index":0.7764705882352941
  },
  {
    "class":"firrtl.transforms.DedupedResult",
    "original":"~OnlineFuzzification|OnlineComparator2_63",
    "duplicate":"~OnlineFuzzification|OnlineFuzzification/minMaxTree_4:MinMaxParallelOnlineComparator/comparatorModule_3:OnlineComparator2",
    "index":0.788235294117647
  },
  {
    "class":"firrtl.transforms.DedupedResult",
    "original":"~OnlineFuzzification|OnlineComparator2_64",
    "duplicate":"~OnlineFuzzification|OnlineFuzzification/minMaxTree_4:MinMaxParallelOnlineComparator/comparatorModule_4:OnlineComparator2",
    "index":0.8
  },
  {
    "class":"firrtl.transforms.DedupedResult",
    "original":"~OnlineFuzzification|OnlineComparator2_65",
    "duplicate":"~OnlineFuzzification|OnlineFuzzification/minMaxTree_4:MinMaxParallelOnlineComparator/comparatorModule_5:OnlineComparator2",
    "index":0.8117647058823529
  },
  {
    "class":"firrtl.transforms.DedupedResult",
    "original":"~OnlineFuzzification|OnlineComparator2_66",
    "duplicate":"~OnlineFuzzification|OnlineFuzzification/minMaxTree_4:MinMaxParallelOnlineComparator/comparatorModule_6:OnlineComparator2",
    "index":0.8235294117647058
  },
  {
    "class":"firrtl.transforms.DedupedResult",
    "original":"~OnlineFuzzification|OnlineComparator2_67",
    "duplicate":"~OnlineFuzzification|OnlineFuzzification/minMaxTree_4:MinMaxParallelOnlineComparator/comparatorModule_7:OnlineComparator2_7",
    "index":0.8352941176470589
  },
  {
    "class":"firrtl.transforms.DedupedResult",
    "original":"~OnlineFuzzification|OnlineComparator2_68",
    "duplicate":"~OnlineFuzzification|OnlineFuzzification/minMaxTree_4:MinMaxParallelOnlineComparator/comparatorModule_8:OnlineComparator2_7",
    "index":0.8470588235294118
  },
  {
    "class":"firrtl.transforms.DedupedResult",
    "original":"~OnlineFuzzification|OnlineComparator2_69",
    "duplicate":"~OnlineFuzzification|OnlineFuzzification/minMaxTree_4:MinMaxParallelOnlineComparator/comparatorModule_9:OnlineComparator2_7",
    "index":0.8588235294117647
  },
  {
    "class":"firrtl.transforms.DedupedResult",
    "original":"~OnlineFuzzification|OnlineComparator2_70",
    "duplicate":"~OnlineFuzzification|OnlineFuzzification/minMaxTree_4:MinMaxParallelOnlineComparator/comparatorModule_10:OnlineComparator2_7",
    "index":0.8705882352941177
  },
  {
    "class":"firrtl.transforms.DedupedResult",
    "original":"~OnlineFuzzification|OnlineComparator2_71",
    "duplicate":"~OnlineFuzzification|OnlineFuzzification/minMaxTree_4:MinMaxParallelOnlineComparator/comparatorModule_11:OnlineComparator2_7",
    "index":0.8823529411764706
  },
  {
    "class":"firrtl.transforms.DedupedResult",
    "original":"~OnlineFuzzification|OnlineComparator2_72",
    "duplicate":"~OnlineFuzzification|OnlineFuzzification/minMaxTree_4:MinMaxParallelOnlineComparator/comparatorModule_12:OnlineComparator2_7",
    "index":0.8941176470588236
  },
  {
    "class":"firrtl.transforms.DedupedResult",
    "original":"~OnlineFuzzification|OnlineComparator2_73",
    "duplicate":"~OnlineFuzzification|OnlineFuzzification/minMaxTree_4:MinMaxParallelOnlineComparator/comparatorModule_13:OnlineComparator2_7",
    "index":0.9058823529411765
  },
  {
    "class":"firrtl.transforms.DedupedResult",
    "original":"~OnlineFuzzification|OnlineComparator2_74",
    "duplicate":"~OnlineFuzzification|OnlineFuzzification/minMaxTree_4:MinMaxParallelOnlineComparator/comparatorModule_14:OnlineComparator2_7",
    "index":0.9176470588235294
  },
  {
    "class":"firrtl.transforms.DedupedResult",
    "original":"~OnlineFuzzification|MinMaxParallelOnlineComparator_4",
    "duplicate":"~OnlineFuzzification|OnlineFuzzification/minMaxTree_4:MinMaxParallelOnlineComparator",
    "index":0.9294117647058824
  },
  {
    "class":"firrtl.transforms.DedupedResult",
    "original":"~OnlineFuzzification|OnlineComparator2_75",
    "duplicate":"~OnlineFuzzification|OnlineFuzzification/comparatorModule:FiveInputCustomIndexBasedMaxComparator/comparatorModule:OnlineComparator2",
    "index":0.9411764705882353
  },
  {
    "class":"firrtl.transforms.DedupedResult",
    "original":"~OnlineFuzzification|OnlineComparator2_76",
    "duplicate":"~OnlineFuzzification|OnlineFuzzification/comparatorModule:FiveInputCustomIndexBasedMaxComparator/comparatorModule_1:OnlineComparator2",
    "index":0.9529411764705882
  },
  {
    "class":"firrtl.transforms.DedupedResult",
    "original":"~OnlineFuzzification|OnlineComparator2_77",
    "duplicate":"~OnlineFuzzification|OnlineFuzzification/comparatorModule:FiveInputCustomIndexBasedMaxComparator/comparatorModule_2:OnlineComparator2",
    "index":0.9647058823529412
  },
  {
    "class":"firrtl.transforms.DedupedResult",
    "original":"~OnlineFuzzification|OnlineComparator2_78",
    "duplicate":"~OnlineFuzzification|OnlineFuzzification/comparatorModule:FiveInputCustomIndexBasedMaxComparator/comparatorModule_3:OnlineComparator2",
    "index":0.9764705882352941
  },
  {
    "class":"firrtl.annotations.MemorySynthInit$"
  },
  {
    "class":"firrtl.passes.memlib.PassthroughSimpleSyncReadMemsAnnotation$"
  },
  {
    "class":"firrtl.passes.memlib.DefaultReadFirstAnnotation$"
  },
  {
    "class":"firrtl.passes.memlib.InferReadWriteAnnotation$"
  },
  {
    "class":"firrtl.EmitAllModulesAnnotation",
    "emitter":"firrtl.VerilogEmitter"
  },
  {
    "class":"firrtl.CustomDefaultRegisterEmission",
    "useInitAsPreset":false,
    "disableRandomization":true
  },
  {
    "class":"firrtl.CustomDefaultMemoryEmission",
    "initValue":{
      
    }
  },
  {
    "class":"firrtl.transforms.BlackBoxTargetDirAnno",
    "targetDir":"generated/"
  },
  {
    "class":"firrtl.transforms.CombinationalPath",
    "sink":"~OnlineFuzzification|OnlineFuzzification>io_outResult",
    "sources":[
      "~OnlineFuzzification|OnlineFuzzification>io_start"
    ]
  },
  {
    "class":"firrtl.transforms.CombinationalPath",
    "sink":"~OnlineFuzzification|OnlineFuzzification>io_outResultValid",
    "sources":[
      "~OnlineFuzzification|OnlineFuzzification>io_start"
    ]
  }
]