[
  {
    "class":"firrtl.transforms.DedupedResult",
    "original":"~OnlineFuzzification|OnlineComparator2",
    "duplicate":"~OnlineFuzzification|OnlineFuzzification/minMaxTree:MinMaxParallelOnlineComparator/comparatorModule:OnlineComparator2",
    "index":0.0
  },
  {
    "class":"firrtl.transforms.DedupedResult",
    "original":"~OnlineFuzzification|OnlineComparator2_1",
    "duplicate":"~OnlineFuzzification|OnlineFuzzification/minMaxTree:MinMaxParallelOnlineComparator/comparatorModule_1:OnlineComparator2",
    "index":0.0125
  },
  {
    "class":"firrtl.transforms.DedupedResult",
    "original":"~OnlineFuzzification|OnlineComparator2_2",
    "duplicate":"~OnlineFuzzification|OnlineFuzzification/minMaxTree:MinMaxParallelOnlineComparator/comparatorModule_2:OnlineComparator2",
    "index":0.025
  },
  {
    "class":"firrtl.transforms.DedupedResult",
    "original":"~OnlineFuzzification|OnlineComparator2_3",
    "duplicate":"~OnlineFuzzification|OnlineFuzzification/minMaxTree:MinMaxParallelOnlineComparator/comparatorModule_3:OnlineComparator2",
    "index":0.0375
  },
  {
    "class":"firrtl.transforms.DedupedResult",
    "original":"~OnlineFuzzification|OnlineComparator2_4",
    "duplicate":"~OnlineFuzzification|OnlineFuzzification/minMaxTree:MinMaxParallelOnlineComparator/comparatorModule_4:OnlineComparator2",
    "index":0.05
  },
  {
    "class":"firrtl.transforms.DedupedResult",
    "original":"~OnlineFuzzification|OnlineComparator2_5",
    "duplicate":"~OnlineFuzzification|OnlineFuzzification/minMaxTree:MinMaxParallelOnlineComparator/comparatorModule_5:OnlineComparator2",
    "index":0.0625
  },
  {
    "class":"firrtl.transforms.DedupedResult",
    "original":"~OnlineFuzzification|OnlineComparator2_6",
    "duplicate":"~OnlineFuzzification|OnlineFuzzification/minMaxTree:MinMaxParallelOnlineComparator/comparatorModule_6:OnlineComparator2",
    "index":0.075
  },
  {
    "class":"firrtl.transforms.DedupedResult",
    "original":"~OnlineFuzzification|OnlineComparator2_7",
    "duplicate":"~OnlineFuzzification|OnlineFuzzification/minMaxTree:MinMaxParallelOnlineComparator/comparatorModule_7:OnlineComparator2_7",
    "index":0.0875
  },
  {
    "class":"firrtl.transforms.DedupedResult",
    "original":"~OnlineFuzzification|OnlineComparator2_8",
    "duplicate":"~OnlineFuzzification|OnlineFuzzification/minMaxTree:MinMaxParallelOnlineComparator/comparatorModule_8:OnlineComparator2_7",
    "index":0.1
  },
  {
    "class":"firrtl.transforms.DedupedResult",
    "original":"~OnlineFuzzification|OnlineComparator2_9",
    "duplicate":"~OnlineFuzzification|OnlineFuzzification/minMaxTree:MinMaxParallelOnlineComparator/comparatorModule_9:OnlineComparator2_7",
    "index":0.1125
  },
  {
    "class":"firrtl.transforms.DedupedResult",
    "original":"~OnlineFuzzification|OnlineComparator2_10",
    "duplicate":"~OnlineFuzzification|OnlineFuzzification/minMaxTree:MinMaxParallelOnlineComparator/comparatorModule_10:OnlineComparator2_7",
    "index":0.125
  },
  {
    "class":"firrtl.transforms.DedupedResult",
    "original":"~OnlineFuzzification|OnlineComparator2_11",
    "duplicate":"~OnlineFuzzification|OnlineFuzzification/minMaxTree:MinMaxParallelOnlineComparator/comparatorModule_11:OnlineComparator2_7",
    "index":0.1375
  },
  {
    "class":"firrtl.transforms.DedupedResult",
    "original":"~OnlineFuzzification|OnlineComparator2_12",
    "duplicate":"~OnlineFuzzification|OnlineFuzzification/minMaxTree:MinMaxParallelOnlineComparator/comparatorModule_12:OnlineComparator2_7",
    "index":0.15
  },
  {
    "class":"firrtl.transforms.DedupedResult",
    "original":"~OnlineFuzzification|OnlineComparator2_13",
    "duplicate":"~OnlineFuzzification|OnlineFuzzification/minMaxTree:MinMaxParallelOnlineComparator/comparatorModule_13:OnlineComparator2_7",
    "index":0.1625
  },
  {
    "class":"firrtl.transforms.DedupedResult",
    "original":"~OnlineFuzzification|OnlineComparator2_14",
    "duplicate":"~OnlineFuzzification|OnlineFuzzification/minMaxTree:MinMaxParallelOnlineComparator/comparatorModule_14:OnlineComparator2_7",
    "index":0.175
  },
  {
    "class":"firrtl.transforms.DedupedResult",
    "original":"~OnlineFuzzification|MinMaxParallelOnlineComparator",
    "duplicate":"~OnlineFuzzification|OnlineFuzzification/minMaxTree:MinMaxParallelOnlineComparator",
    "index":0.1875
  },
  {
    "class":"firrtl.transforms.DedupedResult",
    "original":"~OnlineFuzzification|OnlineComparator2_15",
    "duplicate":"~OnlineFuzzification|OnlineFuzzification/minMaxTree_1:MinMaxParallelOnlineComparator/comparatorModule:OnlineComparator2",
    "index":0.2
  },
  {
    "class":"firrtl.transforms.DedupedResult",
    "original":"~OnlineFuzzification|OnlineComparator2_16",
    "duplicate":"~OnlineFuzzification|OnlineFuzzification/minMaxTree_1:MinMaxParallelOnlineComparator/comparatorModule_1:OnlineComparator2",
    "index":0.2125
  },
  {
    "class":"firrtl.transforms.DedupedResult",
    "original":"~OnlineFuzzification|OnlineComparator2_17",
    "duplicate":"~OnlineFuzzification|OnlineFuzzification/minMaxTree_1:MinMaxParallelOnlineComparator/comparatorModule_2:OnlineComparator2",
    "index":0.225
  },
  {
    "class":"firrtl.transforms.DedupedResult",
    "original":"~OnlineFuzzification|OnlineComparator2_18",
    "duplicate":"~OnlineFuzzification|OnlineFuzzification/minMaxTree_1:MinMaxParallelOnlineComparator/comparatorModule_3:OnlineComparator2",
    "index":0.2375
  },
  {
    "class":"firrtl.transforms.DedupedResult",
    "original":"~OnlineFuzzification|OnlineComparator2_19",
    "duplicate":"~OnlineFuzzification|OnlineFuzzification/minMaxTree_1:MinMaxParallelOnlineComparator/comparatorModule_4:OnlineComparator2",
    "index":0.25
  },
  {
    "class":"firrtl.transforms.DedupedResult",
    "original":"~OnlineFuzzification|OnlineComparator2_20",
    "duplicate":"~OnlineFuzzification|OnlineFuzzification/minMaxTree_1:MinMaxParallelOnlineComparator/comparatorModule_5:OnlineComparator2",
    "index":0.2625
  },
  {
    "class":"firrtl.transforms.DedupedResult",
    "original":"~OnlineFuzzification|OnlineComparator2_21",
    "duplicate":"~OnlineFuzzification|OnlineFuzzification/minMaxTree_1:MinMaxParallelOnlineComparator/comparatorModule_6:OnlineComparator2",
    "index":0.275
  },
  {
    "class":"firrtl.transforms.DedupedResult",
    "original":"~OnlineFuzzification|OnlineComparator2_22",
    "duplicate":"~OnlineFuzzification|OnlineFuzzification/minMaxTree_1:MinMaxParallelOnlineComparator/comparatorModule_7:OnlineComparator2_7",
    "index":0.2875
  },
  {
    "class":"firrtl.transforms.DedupedResult",
    "original":"~OnlineFuzzification|OnlineComparator2_23",
    "duplicate":"~OnlineFuzzification|OnlineFuzzification/minMaxTree_1:MinMaxParallelOnlineComparator/comparatorModule_8:OnlineComparator2_7",
    "index":0.3
  },
  {
    "class":"firrtl.transforms.DedupedResult",
    "original":"~OnlineFuzzification|OnlineComparator2_24",
    "duplicate":"~OnlineFuzzification|OnlineFuzzification/minMaxTree_1:MinMaxParallelOnlineComparator/comparatorModule_9:OnlineComparator2_7",
    "index":0.3125
  },
  {
    "class":"firrtl.transforms.DedupedResult",
    "original":"~OnlineFuzzification|OnlineComparator2_25",
    "duplicate":"~OnlineFuzzification|OnlineFuzzification/minMaxTree_1:MinMaxParallelOnlineComparator/comparatorModule_10:OnlineComparator2_7",
    "index":0.325
  },
  {
    "class":"firrtl.transforms.DedupedResult",
    "original":"~OnlineFuzzification|OnlineComparator2_26",
    "duplicate":"~OnlineFuzzification|OnlineFuzzification/minMaxTree_1:MinMaxParallelOnlineComparator/comparatorModule_11:OnlineComparator2_7",
    "index":0.3375
  },
  {
    "class":"firrtl.transforms.DedupedResult",
    "original":"~OnlineFuzzification|OnlineComparator2_27",
    "duplicate":"~OnlineFuzzification|OnlineFuzzification/minMaxTree_1:MinMaxParallelOnlineComparator/comparatorModule_12:OnlineComparator2_7",
    "index":0.35
  },
  {
    "class":"firrtl.transforms.DedupedResult",
    "original":"~OnlineFuzzification|OnlineComparator2_28",
    "duplicate":"~OnlineFuzzification|OnlineFuzzification/minMaxTree_1:MinMaxParallelOnlineComparator/comparatorModule_13:OnlineComparator2_7",
    "index":0.3625
  },
  {
    "class":"firrtl.transforms.DedupedResult",
    "original":"~OnlineFuzzification|OnlineComparator2_29",
    "duplicate":"~OnlineFuzzification|OnlineFuzzification/minMaxTree_1:MinMaxParallelOnlineComparator/comparatorModule_14:OnlineComparator2_7",
    "index":0.375
  },
  {
    "class":"firrtl.transforms.DedupedResult",
    "original":"~OnlineFuzzification|MinMaxParallelOnlineComparator_1",
    "duplicate":"~OnlineFuzzification|OnlineFuzzification/minMaxTree_1:MinMaxParallelOnlineComparator",
    "index":0.3875
  },
  {
    "class":"firrtl.transforms.DedupedResult",
    "original":"~OnlineFuzzification|OnlineComparator2_30",
    "duplicate":"~OnlineFuzzification|OnlineFuzzification/minMaxTree_2:MinMaxParallelOnlineComparator/comparatorModule:OnlineComparator2",
    "index":0.4
  },
  {
    "class":"firrtl.transforms.DedupedResult",
    "original":"~OnlineFuzzification|OnlineComparator2_31",
    "duplicate":"~OnlineFuzzification|OnlineFuzzification/minMaxTree_2:MinMaxParallelOnlineComparator/comparatorModule_1:OnlineComparator2",
    "index":0.4125
  },
  {
    "class":"firrtl.transforms.DedupedResult",
    "original":"~OnlineFuzzification|OnlineComparator2_32",
    "duplicate":"~OnlineFuzzification|OnlineFuzzification/minMaxTree_2:MinMaxParallelOnlineComparator/comparatorModule_2:OnlineComparator2",
    "index":0.425
  },
  {
    "class":"firrtl.transforms.DedupedResult",
    "original":"~OnlineFuzzification|OnlineComparator2_33",
    "duplicate":"~OnlineFuzzification|OnlineFuzzification/minMaxTree_2:MinMaxParallelOnlineComparator/comparatorModule_3:OnlineComparator2",
    "index":0.4375
  },
  {
    "class":"firrtl.transforms.DedupedResult",
    "original":"~OnlineFuzzification|OnlineComparator2_34",
    "duplicate":"~OnlineFuzzification|OnlineFuzzification/minMaxTree_2:MinMaxParallelOnlineComparator/comparatorModule_4:OnlineComparator2",
    "index":0.45
  },
  {
    "class":"firrtl.transforms.DedupedResult",
    "original":"~OnlineFuzzification|OnlineComparator2_35",
    "duplicate":"~OnlineFuzzification|OnlineFuzzification/minMaxTree_2:MinMaxParallelOnlineComparator/comparatorModule_5:OnlineComparator2",
    "index":0.4625
  },
  {
    "class":"firrtl.transforms.DedupedResult",
    "original":"~OnlineFuzzification|OnlineComparator2_36",
    "duplicate":"~OnlineFuzzification|OnlineFuzzification/minMaxTree_2:MinMaxParallelOnlineComparator/comparatorModule_6:OnlineComparator2",
    "index":0.475
  },
  {
    "class":"firrtl.transforms.DedupedResult",
    "original":"~OnlineFuzzification|OnlineComparator2_37",
    "duplicate":"~OnlineFuzzification|OnlineFuzzification/minMaxTree_2:MinMaxParallelOnlineComparator/comparatorModule_7:OnlineComparator2_7",
    "index":0.4875
  },
  {
    "class":"firrtl.transforms.DedupedResult",
    "original":"~OnlineFuzzification|OnlineComparator2_38",
    "duplicate":"~OnlineFuzzification|OnlineFuzzification/minMaxTree_2:MinMaxParallelOnlineComparator/comparatorModule_8:OnlineComparator2_7",
    "index":0.5
  },
  {
    "class":"firrtl.transforms.DedupedResult",
    "original":"~OnlineFuzzification|OnlineComparator2_39",
    "duplicate":"~OnlineFuzzification|OnlineFuzzification/minMaxTree_2:MinMaxParallelOnlineComparator/comparatorModule_9:OnlineComparator2_7",
    "index":0.5125
  },
  {
    "class":"firrtl.transforms.DedupedResult",
    "original":"~OnlineFuzzification|OnlineComparator2_40",
    "duplicate":"~OnlineFuzzification|OnlineFuzzification/minMaxTree_2:MinMaxParallelOnlineComparator/comparatorModule_10:OnlineComparator2_7",
    "index":0.525
  },
  {
    "class":"firrtl.transforms.DedupedResult",
    "original":"~OnlineFuzzification|OnlineComparator2_41",
    "duplicate":"~OnlineFuzzification|OnlineFuzzification/minMaxTree_2:MinMaxParallelOnlineComparator/comparatorModule_11:OnlineComparator2_7",
    "index":0.5375
  },
  {
    "class":"firrtl.transforms.DedupedResult",
    "original":"~OnlineFuzzification|OnlineComparator2_42",
    "duplicate":"~OnlineFuzzification|OnlineFuzzification/minMaxTree_2:MinMaxParallelOnlineComparator/comparatorModule_12:OnlineComparator2_7",
    "index":0.55
  },
  {
    "class":"firrtl.transforms.DedupedResult",
    "original":"~OnlineFuzzification|OnlineComparator2_43",
    "duplicate":"~OnlineFuzzification|OnlineFuzzification/minMaxTree_2:MinMaxParallelOnlineComparator/comparatorModule_13:OnlineComparator2_7",
    "index":0.5625
  },
  {
    "class":"firrtl.transforms.DedupedResult",
    "original":"~OnlineFuzzification|OnlineComparator2_44",
    "duplicate":"~OnlineFuzzification|OnlineFuzzification/minMaxTree_2:MinMaxParallelOnlineComparator/comparatorModule_14:OnlineComparator2_7",
    "index":0.575
  },
  {
    "class":"firrtl.transforms.DedupedResult",
    "original":"~OnlineFuzzification|MinMaxParallelOnlineComparator_2",
    "duplicate":"~OnlineFuzzification|OnlineFuzzification/minMaxTree_2:MinMaxParallelOnlineComparator",
    "index":0.5875
  },
  {
    "class":"firrtl.transforms.DedupedResult",
    "original":"~OnlineFuzzification|OnlineComparator2_45",
    "duplicate":"~OnlineFuzzification|OnlineFuzzification/minMaxTree_3:MinMaxParallelOnlineComparator/comparatorModule:OnlineComparator2",
    "index":0.6
  },
  {
    "class":"firrtl.transforms.DedupedResult",
    "original":"~OnlineFuzzification|OnlineComparator2_46",
    "duplicate":"~OnlineFuzzification|OnlineFuzzification/minMaxTree_3:MinMaxParallelOnlineComparator/comparatorModule_1:OnlineComparator2",
    "index":0.6125
  },
  {
    "class":"firrtl.transforms.DedupedResult",
    "original":"~OnlineFuzzification|OnlineComparator2_47",
    "duplicate":"~OnlineFuzzification|OnlineFuzzification/minMaxTree_3:MinMaxParallelOnlineComparator/comparatorModule_2:OnlineComparator2",
    "index":0.625
  },
  {
    "class":"firrtl.transforms.DedupedResult",
    "original":"~OnlineFuzzification|OnlineComparator2_48",
    "duplicate":"~OnlineFuzzification|OnlineFuzzification/minMaxTree_3:MinMaxParallelOnlineComparator/comparatorModule_3:OnlineComparator2",
    "index":0.6375
  },
  {
    "class":"firrtl.transforms.DedupedResult",
    "original":"~OnlineFuzzification|OnlineComparator2_49",
    "duplicate":"~OnlineFuzzification|OnlineFuzzification/minMaxTree_3:MinMaxParallelOnlineComparator/comparatorModule_4:OnlineComparator2",
    "index":0.65
  },
  {
    "class":"firrtl.transforms.DedupedResult",
    "original":"~OnlineFuzzification|OnlineComparator2_50",
    "duplicate":"~OnlineFuzzification|OnlineFuzzification/minMaxTree_3:MinMaxParallelOnlineComparator/comparatorModule_5:OnlineComparator2",
    "index":0.6625
  },
  {
    "class":"firrtl.transforms.DedupedResult",
    "original":"~OnlineFuzzification|OnlineComparator2_51",
    "duplicate":"~OnlineFuzzification|OnlineFuzzification/minMaxTree_3:MinMaxParallelOnlineComparator/comparatorModule_6:OnlineComparator2",
    "index":0.675
  },
  {
    "class":"firrtl.transforms.DedupedResult",
    "original":"~OnlineFuzzification|OnlineComparator2_52",
    "duplicate":"~OnlineFuzzification|OnlineFuzzification/minMaxTree_3:MinMaxParallelOnlineComparator/comparatorModule_7:OnlineComparator2_7",
    "index":0.6875
  },
  {
    "class":"firrtl.transforms.DedupedResult",
    "original":"~OnlineFuzzification|OnlineComparator2_53",
    "duplicate":"~OnlineFuzzification|OnlineFuzzification/minMaxTree_3:MinMaxParallelOnlineComparator/comparatorModule_8:OnlineComparator2_7",
    "index":0.7
  },
  {
    "class":"firrtl.transforms.DedupedResult",
    "original":"~OnlineFuzzification|OnlineComparator2_54",
    "duplicate":"~OnlineFuzzification|OnlineFuzzification/minMaxTree_3:MinMaxParallelOnlineComparator/comparatorModule_9:OnlineComparator2_7",
    "index":0.7125
  },
  {
    "class":"firrtl.transforms.DedupedResult",
    "original":"~OnlineFuzzification|OnlineComparator2_55",
    "duplicate":"~OnlineFuzzification|OnlineFuzzification/minMaxTree_3:MinMaxParallelOnlineComparator/comparatorModule_10:OnlineComparator2_7",
    "index":0.725
  },
  {
    "class":"firrtl.transforms.DedupedResult",
    "original":"~OnlineFuzzification|OnlineComparator2_56",
    "duplicate":"~OnlineFuzzification|OnlineFuzzification/minMaxTree_3:MinMaxParallelOnlineComparator/comparatorModule_11:OnlineComparator2_7",
    "index":0.7375
  },
  {
    "class":"firrtl.transforms.DedupedResult",
    "original":"~OnlineFuzzification|OnlineComparator2_57",
    "duplicate":"~OnlineFuzzification|OnlineFuzzification/minMaxTree_3:MinMaxParallelOnlineComparator/comparatorModule_12:OnlineComparator2_7",
    "index":0.75
  },
  {
    "class":"firrtl.transforms.DedupedResult",
    "original":"~OnlineFuzzification|OnlineComparator2_58",
    "duplicate":"~OnlineFuzzification|OnlineFuzzification/minMaxTree_3:MinMaxParallelOnlineComparator/comparatorModule_13:OnlineComparator2_7",
    "index":0.7625
  },
  {
    "class":"firrtl.transforms.DedupedResult",
    "original":"~OnlineFuzzification|OnlineComparator2_59",
    "duplicate":"~OnlineFuzzification|OnlineFuzzification/minMaxTree_3:MinMaxParallelOnlineComparator/comparatorModule_14:OnlineComparator2_7",
    "index":0.775
  },
  {
    "class":"firrtl.transforms.DedupedResult",
    "original":"~OnlineFuzzification|MinMaxParallelOnlineComparator_3",
    "duplicate":"~OnlineFuzzification|OnlineFuzzification/minMaxTree_3:MinMaxParallelOnlineComparator",
    "index":0.7875
  },
  {
    "class":"firrtl.transforms.DedupedResult",
    "original":"~OnlineFuzzification|OnlineComparator2_60",
    "duplicate":"~OnlineFuzzification|OnlineFuzzification/minMaxTree_4:MinMaxParallelOnlineComparator/comparatorModule:OnlineComparator2",
    "index":0.8
  },
  {
    "class":"firrtl.transforms.DedupedResult",
    "original":"~OnlineFuzzification|OnlineComparator2_61",
    "duplicate":"~OnlineFuzzification|OnlineFuzzification/minMaxTree_4:MinMaxParallelOnlineComparator/comparatorModule_1:OnlineComparator2",
    "index":0.8125
  },
  {
    "class":"firrtl.transforms.DedupedResult",
    "original":"~OnlineFuzzification|OnlineComparator2_62",
    "duplicate":"~OnlineFuzzification|OnlineFuzzification/minMaxTree_4:MinMaxParallelOnlineComparator/comparatorModule_2:OnlineComparator2",
    "index":0.825
  },
  {
    "class":"firrtl.transforms.DedupedResult",
    "original":"~OnlineFuzzification|OnlineComparator2_63",
    "duplicate":"~OnlineFuzzification|OnlineFuzzification/minMaxTree_4:MinMaxParallelOnlineComparator/comparatorModule_3:OnlineComparator2",
    "index":0.8375
  },
  {
    "class":"firrtl.transforms.DedupedResult",
    "original":"~OnlineFuzzification|OnlineComparator2_64",
    "duplicate":"~OnlineFuzzification|OnlineFuzzification/minMaxTree_4:MinMaxParallelOnlineComparator/comparatorModule_4:OnlineComparator2",
    "index":0.85
  },
  {
    "class":"firrtl.transforms.DedupedResult",
    "original":"~OnlineFuzzification|OnlineComparator2_65",
    "duplicate":"~OnlineFuzzification|OnlineFuzzification/minMaxTree_4:MinMaxParallelOnlineComparator/comparatorModule_5:OnlineComparator2",
    "index":0.8625
  },
  {
    "class":"firrtl.transforms.DedupedResult",
    "original":"~OnlineFuzzification|OnlineComparator2_66",
    "duplicate":"~OnlineFuzzification|OnlineFuzzification/minMaxTree_4:MinMaxParallelOnlineComparator/comparatorModule_6:OnlineComparator2",
    "index":0.875
  },
  {
    "class":"firrtl.transforms.DedupedResult",
    "original":"~OnlineFuzzification|OnlineComparator2_67",
    "duplicate":"~OnlineFuzzification|OnlineFuzzification/minMaxTree_4:MinMaxParallelOnlineComparator/comparatorModule_7:OnlineComparator2_7",
    "index":0.8875
  },
  {
    "class":"firrtl.transforms.DedupedResult",
    "original":"~OnlineFuzzification|OnlineComparator2_68",
    "duplicate":"~OnlineFuzzification|OnlineFuzzification/minMaxTree_4:MinMaxParallelOnlineComparator/comparatorModule_8:OnlineComparator2_7",
    "index":0.9
  },
  {
    "class":"firrtl.transforms.DedupedResult",
    "original":"~OnlineFuzzification|OnlineComparator2_69",
    "duplicate":"~OnlineFuzzification|OnlineFuzzification/minMaxTree_4:MinMaxParallelOnlineComparator/comparatorModule_9:OnlineComparator2_7",
    "index":0.9125
  },
  {
    "class":"firrtl.transforms.DedupedResult",
    "original":"~OnlineFuzzification|OnlineComparator2_70",
    "duplicate":"~OnlineFuzzification|OnlineFuzzification/minMaxTree_4:MinMaxParallelOnlineComparator/comparatorModule_10:OnlineComparator2_7",
    "index":0.925
  },
  {
    "class":"firrtl.transforms.DedupedResult",
    "original":"~OnlineFuzzification|OnlineComparator2_71",
    "duplicate":"~OnlineFuzzification|OnlineFuzzification/minMaxTree_4:MinMaxParallelOnlineComparator/comparatorModule_11:OnlineComparator2_7",
    "index":0.9375
  },
  {
    "class":"firrtl.transforms.DedupedResult",
    "original":"~OnlineFuzzification|OnlineComparator2_72",
    "duplicate":"~OnlineFuzzification|OnlineFuzzification/minMaxTree_4:MinMaxParallelOnlineComparator/comparatorModule_12:OnlineComparator2_7",
    "index":0.95
  },
  {
    "class":"firrtl.transforms.DedupedResult",
    "original":"~OnlineFuzzification|OnlineComparator2_73",
    "duplicate":"~OnlineFuzzification|OnlineFuzzification/minMaxTree_4:MinMaxParallelOnlineComparator/comparatorModule_13:OnlineComparator2_7",
    "index":0.9625
  },
  {
    "class":"firrtl.transforms.DedupedResult",
    "original":"~OnlineFuzzification|OnlineComparator2_74",
    "duplicate":"~OnlineFuzzification|OnlineFuzzification/minMaxTree_4:MinMaxParallelOnlineComparator/comparatorModule_14:OnlineComparator2_7",
    "index":0.975
  },
  {
    "class":"firrtl.transforms.DedupedResult",
    "original":"~OnlineFuzzification|MinMaxParallelOnlineComparator_4",
    "duplicate":"~OnlineFuzzification|OnlineFuzzification/minMaxTree_4:MinMaxParallelOnlineComparator",
    "index":0.9875
  },
  {
    "class":"firrtl.annotations.MemorySynthInit$"
  },
  {
    "class":"firrtl.passes.memlib.PassthroughSimpleSyncReadMemsAnnotation$"
  },
  {
    "class":"firrtl.passes.memlib.DefaultReadFirstAnnotation$"
  },
  {
    "class":"firrtl.passes.memlib.InferReadWriteAnnotation$"
  },
  {
    "class":"firrtl.EmitAllModulesAnnotation",
    "emitter":"firrtl.VerilogEmitter"
  },
  {
    "class":"firrtl.CustomDefaultRegisterEmission",
    "useInitAsPreset":false,
    "disableRandomization":true
  },
  {
    "class":"firrtl.CustomDefaultMemoryEmission",
    "initValue":{
      
    }
  },
  {
    "class":"firrtl.transforms.BlackBoxTargetDirAnno",
    "targetDir":"generated/online-fuzzification/"
  },
  {
    "class":"firrtl.transforms.CombinationalPath",
    "sink":"~OnlineFuzzification|OnlineFuzzification>io_outResultValid",
    "sources":[
      "~OnlineFuzzification|OnlineFuzzification>io_start"
    ]
  },
  {
    "class":"firrtl.transforms.CombinationalPath",
    "sink":"~OnlineFuzzification|OnlineFuzzification>io_outResult",
    "sources":[
      "~OnlineFuzzification|OnlineFuzzification>io_start"
    ]
  }
]