[
  {
    "class":"firrtl.transforms.DedupedResult",
    "original":"~RegularFuzzification|Comparator",
    "duplicate":"~RegularFuzzification|RegularFuzzification/regMinVec_0_comparatorModule:Comparator",
    "index":0.0
  },
  {
    "class":"firrtl.transforms.DedupedResult",
    "original":"~RegularFuzzification|Comparator_1",
    "duplicate":"~RegularFuzzification|RegularFuzzification/regMinVec_1_comparatorModule:Comparator",
    "index":0.01818181818181818
  },
  {
    "class":"firrtl.transforms.DedupedResult",
    "original":"~RegularFuzzification|Comparator_2",
    "duplicate":"~RegularFuzzification|RegularFuzzification/regMinVec_2_comparatorModule:Comparator",
    "index":0.03636363636363636
  },
  {
    "class":"firrtl.transforms.DedupedResult",
    "original":"~RegularFuzzification|Comparator_3",
    "duplicate":"~RegularFuzzification|RegularFuzzification/regMinVec_3_comparatorModule:Comparator",
    "index":0.05454545454545454
  },
  {
    "class":"firrtl.transforms.DedupedResult",
    "original":"~RegularFuzzification|Comparator_4",
    "duplicate":"~RegularFuzzification|RegularFuzzification/regMinVec_4_comparatorModule:Comparator",
    "index":0.07272727272727272
  },
  {
    "class":"firrtl.transforms.DedupedResult",
    "original":"~RegularFuzzification|Comparator_5",
    "duplicate":"~RegularFuzzification|RegularFuzzification/regMinVec_5_comparatorModule:Comparator",
    "index":0.09090909090909091
  },
  {
    "class":"firrtl.transforms.DedupedResult",
    "original":"~RegularFuzzification|Comparator_6",
    "duplicate":"~RegularFuzzification|RegularFuzzification/regMinVec_6_comparatorModule:Comparator",
    "index":0.10909090909090909
  },
  {
    "class":"firrtl.transforms.DedupedResult",
    "original":"~RegularFuzzification|Comparator_7",
    "duplicate":"~RegularFuzzification|RegularFuzzification/regMinVec_7_comparatorModule:Comparator",
    "index":0.12727272727272726
  },
  {
    "class":"firrtl.transforms.DedupedResult",
    "original":"~RegularFuzzification|Comparator_8",
    "duplicate":"~RegularFuzzification|RegularFuzzification/regMinVec_8_comparatorModule:Comparator",
    "index":0.14545454545454545
  },
  {
    "class":"firrtl.transforms.DedupedResult",
    "original":"~RegularFuzzification|Comparator_9",
    "duplicate":"~RegularFuzzification|RegularFuzzification/regMinVec_9_comparatorModule:Comparator",
    "index":0.16363636363636364
  },
  {
    "class":"firrtl.transforms.DedupedResult",
    "original":"~RegularFuzzification|Comparator_10",
    "duplicate":"~RegularFuzzification|RegularFuzzification/regMinVec_10_comparatorModule:Comparator",
    "index":0.18181818181818182
  },
  {
    "class":"firrtl.transforms.DedupedResult",
    "original":"~RegularFuzzification|Comparator_11",
    "duplicate":"~RegularFuzzification|RegularFuzzification/regMinVec_11_comparatorModule:Comparator",
    "index":0.2
  },
  {
    "class":"firrtl.transforms.DedupedResult",
    "original":"~RegularFuzzification|Comparator_12",
    "duplicate":"~RegularFuzzification|RegularFuzzification/regMinVec_12_comparatorModule:Comparator",
    "index":0.21818181818181817
  },
  {
    "class":"firrtl.transforms.DedupedResult",
    "original":"~RegularFuzzification|Comparator_13",
    "duplicate":"~RegularFuzzification|RegularFuzzification/regMinVec_13_comparatorModule:Comparator",
    "index":0.23636363636363636
  },
  {
    "class":"firrtl.transforms.DedupedResult",
    "original":"~RegularFuzzification|Comparator_14",
    "duplicate":"~RegularFuzzification|RegularFuzzification/regMinVec_14_comparatorModule:Comparator",
    "index":0.2545454545454545
  },
  {
    "class":"firrtl.transforms.DedupedResult",
    "original":"~RegularFuzzification|Comparator_15",
    "duplicate":"~RegularFuzzification|RegularFuzzification/regMinVec_15_comparatorModule:Comparator",
    "index":0.2727272727272727
  },
  {
    "class":"firrtl.transforms.DedupedResult",
    "original":"~RegularFuzzification|Comparator_16",
    "duplicate":"~RegularFuzzification|RegularFuzzification/regMinVec_16_comparatorModule:Comparator",
    "index":0.2909090909090909
  },
  {
    "class":"firrtl.transforms.DedupedResult",
    "original":"~RegularFuzzification|Comparator_17",
    "duplicate":"~RegularFuzzification|RegularFuzzification/regMinVec_17_comparatorModule:Comparator",
    "index":0.3090909090909091
  },
  {
    "class":"firrtl.transforms.DedupedResult",
    "original":"~RegularFuzzification|Comparator_18",
    "duplicate":"~RegularFuzzification|RegularFuzzification/regMinVec_18_comparatorModule:Comparator",
    "index":0.32727272727272727
  },
  {
    "class":"firrtl.transforms.DedupedResult",
    "original":"~RegularFuzzification|Comparator_19",
    "duplicate":"~RegularFuzzification|RegularFuzzification/regMinVec_19_comparatorModule:Comparator",
    "index":0.34545454545454546
  },
  {
    "class":"firrtl.transforms.DedupedResult",
    "original":"~RegularFuzzification|Comparator_20",
    "duplicate":"~RegularFuzzification|RegularFuzzification/regMinVec_20_comparatorModule:Comparator",
    "index":0.36363636363636365
  },
  {
    "class":"firrtl.transforms.DedupedResult",
    "original":"~RegularFuzzification|Comparator_21",
    "duplicate":"~RegularFuzzification|RegularFuzzification/regMinVec_21_comparatorModule:Comparator",
    "index":0.38181818181818183
  },
  {
    "class":"firrtl.transforms.DedupedResult",
    "original":"~RegularFuzzification|Comparator_22",
    "duplicate":"~RegularFuzzification|RegularFuzzification/regMinVec_22_comparatorModule:Comparator",
    "index":0.4
  },
  {
    "class":"firrtl.transforms.DedupedResult",
    "original":"~RegularFuzzification|Comparator_23",
    "duplicate":"~RegularFuzzification|RegularFuzzification/regMinVec_23_comparatorModule:Comparator",
    "index":0.41818181818181815
  },
  {
    "class":"firrtl.transforms.DedupedResult",
    "original":"~RegularFuzzification|Comparator_24",
    "duplicate":"~RegularFuzzification|RegularFuzzification/regMinVec_24_comparatorModule:Comparator",
    "index":0.43636363636363634
  },
  {
    "class":"firrtl.transforms.DedupedResult",
    "original":"~RegularFuzzification|Comparator_25",
    "duplicate":"~RegularFuzzification|RegularFuzzification/regMaxVec_0_comparatorModule:MultipleComparator/regMinMaxResultVec_0_minMaxResult_comparatorModule:Comparator_25",
    "index":0.45454545454545453
  },
  {
    "class":"firrtl.transforms.DedupedResult",
    "original":"~RegularFuzzification|Comparator_26",
    "duplicate":"~RegularFuzzification|RegularFuzzification/regMaxVec_0_comparatorModule:MultipleComparator/regMinMaxResultVec_1_minMaxResult_comparatorModule:Comparator_25",
    "index":0.4727272727272727
  },
  {
    "class":"firrtl.transforms.DedupedResult",
    "original":"~RegularFuzzification|Comparator_27",
    "duplicate":"~RegularFuzzification|RegularFuzzification/regMaxVec_0_comparatorModule:MultipleComparator/regMinMaxResultVec_2_minMaxResult_comparatorModule:Comparator_25",
    "index":0.4909090909090909
  },
  {
    "class":"firrtl.transforms.DedupedResult",
    "original":"~RegularFuzzification|MultipleComparator",
    "duplicate":"~RegularFuzzification|RegularFuzzification/regMaxVec_0_comparatorModule:MultipleComparator",
    "index":0.509090909090909
  },
  {
    "class":"firrtl.transforms.DedupedResult",
    "original":"~RegularFuzzification|Comparator_28",
    "duplicate":"~RegularFuzzification|RegularFuzzification/regMaxVec_1_comparatorModule:MultipleComparator_1/regMinMaxResultVec_0_minMaxResult_comparatorModule:Comparator_25",
    "index":0.5272727272727272
  },
  {
    "class":"firrtl.transforms.DedupedResult",
    "original":"~RegularFuzzification|Comparator_29",
    "duplicate":"~RegularFuzzification|RegularFuzzification/regMaxVec_1_comparatorModule:MultipleComparator_1/regMinMaxResultVec_1_minMaxResult_comparatorModule:Comparator_25",
    "index":0.5454545454545454
  },
  {
    "class":"firrtl.transforms.DedupedResult",
    "original":"~RegularFuzzification|Comparator_30",
    "duplicate":"~RegularFuzzification|RegularFuzzification/regMaxVec_1_comparatorModule:MultipleComparator_1/regMinMaxResultVec_2_minMaxResult_comparatorModule:Comparator_25",
    "index":0.5636363636363636
  },
  {
    "class":"firrtl.transforms.DedupedResult",
    "original":"~RegularFuzzification|Comparator_31",
    "duplicate":"~RegularFuzzification|RegularFuzzification/regMaxVec_1_comparatorModule:MultipleComparator_1/regMinMaxResultVec_3_minMaxResult_comparatorModule:Comparator_25",
    "index":0.5818181818181818
  },
  {
    "class":"firrtl.transforms.DedupedResult",
    "original":"~RegularFuzzification|Comparator_32",
    "duplicate":"~RegularFuzzification|RegularFuzzification/regMaxVec_1_comparatorModule:MultipleComparator_1/regMinMaxResultVec_4_minMaxResult_comparatorModule:Comparator_25",
    "index":0.6
  },
  {
    "class":"firrtl.transforms.DedupedResult",
    "original":"~RegularFuzzification|MultipleComparator_1",
    "duplicate":"~RegularFuzzification|RegularFuzzification/regMaxVec_1_comparatorModule:MultipleComparator_1",
    "index":0.6181818181818182
  },
  {
    "class":"firrtl.transforms.DedupedResult",
    "original":"~RegularFuzzification|Comparator_33",
    "duplicate":"~RegularFuzzification|RegularFuzzification/regMaxVec_2_comparatorModule:MultipleComparator/regMinMaxResultVec_0_minMaxResult_comparatorModule:Comparator_25",
    "index":0.6363636363636364
  },
  {
    "class":"firrtl.transforms.DedupedResult",
    "original":"~RegularFuzzification|Comparator_34",
    "duplicate":"~RegularFuzzification|RegularFuzzification/regMaxVec_2_comparatorModule:MultipleComparator/regMinMaxResultVec_1_minMaxResult_comparatorModule:Comparator_25",
    "index":0.6545454545454545
  },
  {
    "class":"firrtl.transforms.DedupedResult",
    "original":"~RegularFuzzification|Comparator_35",
    "duplicate":"~RegularFuzzification|RegularFuzzification/regMaxVec_2_comparatorModule:MultipleComparator/regMinMaxResultVec_2_minMaxResult_comparatorModule:Comparator_25",
    "index":0.6727272727272727
  },
  {
    "class":"firrtl.transforms.DedupedResult",
    "original":"~RegularFuzzification|MultipleComparator_2",
    "duplicate":"~RegularFuzzification|RegularFuzzification/regMaxVec_2_comparatorModule:MultipleComparator",
    "index":0.6909090909090909
  },
  {
    "class":"firrtl.transforms.DedupedResult",
    "original":"~RegularFuzzification|Comparator_36",
    "duplicate":"~RegularFuzzification|RegularFuzzification/regMaxVec_3_comparatorModule:MultipleComparator_1/regMinMaxResultVec_0_minMaxResult_comparatorModule:Comparator_25",
    "index":0.7090909090909091
  },
  {
    "class":"firrtl.transforms.DedupedResult",
    "original":"~RegularFuzzification|Comparator_37",
    "duplicate":"~RegularFuzzification|RegularFuzzification/regMaxVec_3_comparatorModule:MultipleComparator_1/regMinMaxResultVec_1_minMaxResult_comparatorModule:Comparator_25",
    "index":0.7272727272727273
  },
  {
    "class":"firrtl.transforms.DedupedResult",
    "original":"~RegularFuzzification|Comparator_38",
    "duplicate":"~RegularFuzzification|RegularFuzzification/regMaxVec_3_comparatorModule:MultipleComparator_1/regMinMaxResultVec_2_minMaxResult_comparatorModule:Comparator_25",
    "index":0.7454545454545455
  },
  {
    "class":"firrtl.transforms.DedupedResult",
    "original":"~RegularFuzzification|Comparator_39",
    "duplicate":"~RegularFuzzification|RegularFuzzification/regMaxVec_3_comparatorModule:MultipleComparator_1/regMinMaxResultVec_3_minMaxResult_comparatorModule:Comparator_25",
    "index":0.7636363636363637
  },
  {
    "class":"firrtl.transforms.DedupedResult",
    "original":"~RegularFuzzification|Comparator_40",
    "duplicate":"~RegularFuzzification|RegularFuzzification/regMaxVec_3_comparatorModule:MultipleComparator_1/regMinMaxResultVec_4_minMaxResult_comparatorModule:Comparator_25",
    "index":0.7818181818181819
  },
  {
    "class":"firrtl.transforms.DedupedResult",
    "original":"~RegularFuzzification|MultipleComparator_3",
    "duplicate":"~RegularFuzzification|RegularFuzzification/regMaxVec_3_comparatorModule:MultipleComparator_1",
    "index":0.8
  },
  {
    "class":"firrtl.transforms.DedupedResult",
    "original":"~RegularFuzzification|Comparator_41",
    "duplicate":"~RegularFuzzification|RegularFuzzification/regMaxVec_4_comparatorModule:MultipleComparator_4/regMinMaxResultVec_0_minMaxResult_comparatorModule:Comparator_25",
    "index":0.8181818181818182
  },
  {
    "class":"firrtl.transforms.DedupedResult",
    "original":"~RegularFuzzification|Comparator_42",
    "duplicate":"~RegularFuzzification|RegularFuzzification/regMaxVec_4_comparatorModule:MultipleComparator_4/regMinMaxResultVec_1_minMaxResult_comparatorModule:Comparator_25",
    "index":0.8363636363636363
  },
  {
    "class":"firrtl.transforms.DedupedResult",
    "original":"~RegularFuzzification|Comparator_43",
    "duplicate":"~RegularFuzzification|RegularFuzzification/regMaxVec_4_comparatorModule:MultipleComparator_4/regMinMaxResultVec_2_minMaxResult_comparatorModule:Comparator_25",
    "index":0.8545454545454545
  },
  {
    "class":"firrtl.transforms.DedupedResult",
    "original":"~RegularFuzzification|Comparator_44",
    "duplicate":"~RegularFuzzification|RegularFuzzification/regMaxVec_4_comparatorModule:MultipleComparator_4/regMinMaxResultVec_3_minMaxResult_comparatorModule:Comparator_25",
    "index":0.8727272727272727
  },
  {
    "class":"firrtl.transforms.DedupedResult",
    "original":"~RegularFuzzification|Comparator_45",
    "duplicate":"~RegularFuzzification|RegularFuzzification/outResult_comparatorModule:MultipleComparator_5/comparatorModule:Comparator_25",
    "index":0.9090909090909091
  },
  {
    "class":"firrtl.transforms.DedupedResult",
    "original":"~RegularFuzzification|Comparator_46",
    "duplicate":"~RegularFuzzification|RegularFuzzification/outResult_comparatorModule:MultipleComparator_5/comparatorModule_1:Comparator_25",
    "index":0.9272727272727272
  },
  {
    "class":"firrtl.transforms.DedupedResult",
    "original":"~RegularFuzzification|Comparator_47",
    "duplicate":"~RegularFuzzification|RegularFuzzification/outResult_comparatorModule:MultipleComparator_5/comparatorModule_2:Comparator_25",
    "index":0.9454545454545454
  },
  {
    "class":"firrtl.transforms.DedupedResult",
    "original":"~RegularFuzzification|Comparator_48",
    "duplicate":"~RegularFuzzification|RegularFuzzification/outResult_comparatorModule:MultipleComparator_5/comparatorModule_3:Comparator_25",
    "index":0.9636363636363636
  },
  {
    "class":"firrtl.annotations.MemorySynthInit$"
  },
  {
    "class":"firrtl.passes.memlib.PassthroughSimpleSyncReadMemsAnnotation$"
  },
  {
    "class":"firrtl.passes.memlib.DefaultReadFirstAnnotation$"
  },
  {
    "class":"firrtl.passes.memlib.InferReadWriteAnnotation$"
  },
  {
    "class":"firrtl.EmitAllModulesAnnotation",
    "emitter":"firrtl.VerilogEmitter"
  },
  {
    "class":"firrtl.CustomDefaultRegisterEmission",
    "useInitAsPreset":false,
    "disableRandomization":true
  },
  {
    "class":"firrtl.CustomDefaultMemoryEmission",
    "initValue":{
      
    }
  },
  {
    "class":"firrtl.transforms.BlackBoxTargetDirAnno",
    "targetDir":"generated/"
  },
  {
    "class":"firrtl.transforms.CombinationalPath",
    "sink":"~RegularFuzzification|RegularFuzzification>io_outResultValid",
    "sources":[
      "~RegularFuzzification|RegularFuzzification>io_start"
    ]
  },
  {
    "class":"firrtl.transforms.CombinationalPath",
    "sink":"~RegularFuzzification|RegularFuzzification>io_outResult",
    "sources":[
      "~RegularFuzzification|RegularFuzzification>io_start"
    ]
  }
]